ts,q_usdt,best_ask,best_bid,ask_vwap,bid_vwap,mid,spread_pct,depth_ask_usdt,depth_bid_usdt,n_ask,n_bid
2026-10-07 00:00:34+00:00,1000.0000,11.8200,11.8100,11.8294,11.8100,11.8197,0.1641,664294.9700,2051847.8400,100,100
2026-10-07 00:01:34+00:00,1000.0000,11.8200,11.8100,11.8277,11.8100,11.8188,0.1494,659012.5600,2052090.0400,100,100
2026-10-07 00:02:34+00:00,1000.0000,11.8200,11.8100,11.8319,11.8100,11.8210,0.1856,670338.9400,2047997.8000,100,100
2026-10-07 00:03:34+00:00,1000.0000,11.8200,11.8200,11.8319,11.8100,11.8210,0.1856,667651.2700,2105732.9200,100,100
2026-10-07 00:04:34+00:00,1000.0000,11.8200,11.8200,11.8319,11.8100,11.8210,0.1856,652547.9500,2101885.6200,100,100
2026-10-07 00:05:34+00:00,1000.0000,11.8300,11.8200,11.8366,11.8100,11.8233,0.2251,662181.9600,2102149.7300,100,100
2026-10-07 00:06:34+00:00,1000.0000,11.8300,11.8200,11.8366,11.8100,11.8233,0.2251,676977.6700,2101454.7000,100,100
2026-10-07 00:07:34+00:00,1000.0000,11.8500,11.8200,11.8500,11.8100,11.8300,0.3381,676927.0800,2261428.4500,100,100
2026-10-07 00:08:34+00:00,1000.0000,11.8500,11.8200,11.8500,11.8100,11.8300,0.3381,650128.4600,2302478.5000,100,100
2026-10-07 00:09:34+00:00,1000.0000,11.8500,11.8200,11.8500,11.8100,11.8300,0.3381,688232.5700,2300970.1900,100,100
2026-10-07 00:10:34+00:00,1000.0000,11.8500,11.8200,11.8500,11.8100,11.8300,0.3381,690029.0800,2381036.2900,100,100
2026-10-07 00:11:34+00:00,1000.0000,11.8500,11.8200,11.8500,11.8100,11.8300,0.3381,684952.0000,2307101.8100,100,100
2026-10-07 00:12:34+00:00,1000.0000,11.8500,11.8200,11.8500,11.8100,11.8300,0.3381,515859.3500,2263719.9800,100,100
2026-10-07 00:13:34+00:00,1000.0000,11.8500,11.8200,11.8500,11.8100,11.8300,0.3381,516105.9800,2264559.5100,100,100
2026-10-07 00:14:34+00:00,1000.0000,11.8500,11.8200,11.8500,11.8200,11.8350,0.2535,622526.0900,2261011.1800,100,100
2026-10-07 00:15:34+00:00,1000.0000,11.8500,11.8200,11.8500,11.8200,11.8350,0.2535,586689.2900,2474000.0400,100,100
2026-10-07 00:16:34+00:00,1000.0000,11.8500,11.8200,11.8500,11.8200,11.8350,0.2535,631145.9900,2470543.6300,100,100
2026-10-07 00:17:34+00:00,1000.0000,11.8500,11.8200,11.8537,11.8200,11.8368,0.2845,630099.9200,2502983.3900,100,100
2026-10-07 00:18:34+00:00,1000.0000,11.8500,11.8200,11.8537,11.8200,11.8368,0.2845,416305.5300,2473313.4700,100,100
2026-10-07 00:19:34+00:00,1000.0000,11.8500,11.8200,11.8537,11.8200,11.8368,0.2845,589169.4700,2621119.9500,100,100
2026-10-07 00:20:34+00:00,1000.0000,11.8500,11.8300,11.8582,11.8300,11.8441,0.2384,559529.3700,2738904.8000,100,100
2026-10-07 00:21:34+00:00,1000.0000,11.8500,11.8300,11.8582,11.8300,11.8441,0.2384,581611.3300,2746643.0700,100,100
2026-10-07 00:22:34+00:00,1000.0000,11.8500,11.8300,11.8648,11.8300,11.8474,0.2934,605039.4000,2756567.2400,100,100
2026-10-07 00:23:34+00:00,1000.0000,11.8400,11.8300,11.8559,11.8300,11.8430,0.2190,743825.2200,2555016.5000,100,100
2026-10-07 00:24:34+00:00,1000.0000,11.8500,11.8300,11.8582,11.8300,11.8441,0.2384,780472.3500,2679528.0700,100,100
2026-10-07 00:25:34+00:00,1000.0000,11.8500,11.8300,11.8582,11.8300,11.8441,0.2384,938809.3400,2769747.9700,100,100
2026-10-07 00:26:34+00:00,1000.0000,11.8500,11.8300,11.8648,11.8300,11.8474,0.2934,951895.1100,2913858.3100,100,100
2026-10-07 00:27:34+00:00,1000.0000,11.8500,11.8300,11.8635,11.8300,11.8468,0.2828,943077.5200,2779289.9600,100,100
2026-10-07 00:28:34+00:00,1000.0000,11.8500,11.8300,11.8619,11.8300,11.8459,0.2690,943487.2900,2709088.9600,100,100
2026-10-07 00:29:34+00:00,1000.0000,11.8500,11.8300,,11.8300,,,945200.7900,2646191.9900,100,100
2026-10-07 00:30:34+00:00,1000.0000,11.8500,11.8400,,11.8300,,,945361.2800,2497488.4800,100,100
2026-10-07 00:31:34+00:00,1000.0000,11.8500,11.8400,11.8500,11.8300,11.8400,0.1689,950326.6500,2493315.6400,100,100
2026-10-07 00:32:34+00:00,1000.0000,11.8500,11.8400,11.8582,11.8225,11.8404,0.3015,959999.7700,2152346.2300,100,100
2026-10-07 00:33:34+00:00,1000.0000,11.8500,11.8400,11.8582,11.8225,11.8404,0.3015,965293.1100,2487083.9300,100,100
2026-10-07 00:34:34+00:00,1000.0000,11.8500,11.8400,11.8582,11.8225,11.8404,0.3015,992088.8400,2468381.8400,100,100
2026-10-07 00:35:34+00:00,1000.0000,11.8500,11.8400,11.8582,11.8225,11.8404,0.3015,766355.0400,2327049.6500,100,100
2026-10-07 00:36:34+00:00,1000.0000,11.8500,11.8400,11.8582,11.8225,11.8404,0.3015,765443.7500,2331930.9900,100,100
2026-10-07 00:37:34+00:00,1000.0000,11.8500,11.8400,11.8582,11.8225,11.8404,0.3015,764810.6600,2265679.4900,100,100
2026-10-07 00:38:34+00:00,1000.0000,11.8500,11.8400,11.8582,11.8225,11.8404,0.3015,890837.7300,2401846.1000,100,100
2026-10-07 00:39:34+00:00,1000.0000,11.8500,11.8300,11.8572,11.8225,11.8399,0.2931,918631.8400,2273806.4500,100,100
2026-10-07 00:40:34+00:00,1000.0000,11.8500,11.8300,11.8572,11.8225,11.8399,0.2931,863854.9900,2327605.2600,100,100
2026-10-07 00:41:34+00:00,1000.0000,11.8500,11.8300,11.8582,11.8225,11.8404,0.3015,859849.6400,2289464.8800,100,100
2026-10-07 00:42:34+00:00,1000.0000,11.8500,11.8300,11.8522,11.8225,11.8374,0.2509,857974.8400,2303281.7600,100,100
2026-10-07 00:43:34+00:00,1000.0000,11.8500,11.8300,11.8522,11.8225,11.8374,0.2509,746502.3600,2081353.6600,100,100
2026-10-07 00:44:34+00:00,1000.0000,11.8500,11.8300,11.8582,11.8225,11.8404,0.3015,743795.8500,2242051.5600,100,100
2026-10-07 00:45:34+00:00,1000.0000,11.8500,11.8300,11.8582,11.8225,11.8404,0.3015,747955.6700,2480529.0400,100,100
2026-10-07 00:46:34+00:00,1000.0000,11.8500,11.8300,11.8582,11.8225,11.8404,0.3015,747965.1800,2482164.1300,100,100
2026-10-07 00:47:34+00:00,1000.0000,11.8500,11.8300,11.8595,11.8225,11.8410,0.3121,754838.6300,2482479.8000,100,100
2026-10-07 00:48:34+00:00,1000.0000,11.8500,11.8300,11.8595,11.8225,11.8410,0.3121,750950.4800,2475671.8400,100,100
2026-10-07 00:49:34+00:00,1000.0000,11.8500,11.8300,11.8595,11.8151,11.8373,0.3753,751495.6600,2473959.9300,100,100
2026-10-07 00:50:34+00:00,1000.0000,11.8500,11.8300,11.8595,11.8151,11.8373,0.3753,766400.5800,2505449.5800,100,100
2026-10-07 00:51:34+00:00,1000.0000,11.8500,11.8300,11.8595,11.8269,11.8432,0.2752,715709.7100,2407249.2700,100,100
2026-10-07 00:52:34+00:00,1000.0000,11.8500,11.8300,11.8595,11.8269,11.8432,0.2752,765459.6000,2405523.3000,100,100
2026-10-07 00:53:34+00:00,1000.0000,11.8500,11.8300,11.8595,11.8269,11.8432,0.2752,760402.3600,2404616.4300,100,100
2026-10-07 00:54:34+00:00,1000.0000,11.8500,11.8300,11.8595,11.8269,11.8432,0.2752,886587.2000,2632314.8100,100,100
2026-10-07 00:55:34+00:00,1000.0000,11.8500,11.8300,11.8595,11.8269,11.8432,0.2752,875142.1600,2678594.8700,100,100
2026-10-07 00:56:34+00:00,1000.0000,11.8500,11.8300,11.8500,11.8269,11.8385,0.1951,872919.0600,2612529.8000,100,100
2026-10-07 00:57:34+00:00,1000.0000,11.8500,11.8300,11.8500,11.8269,11.8385,0.1951,843979.4800,2300001.1900,100,100
2026-10-07 00:58:34+00:00,1000.0000,11.8500,11.8300,11.8500,11.8269,11.8385,0.1951,824222.2300,2296383.2500,100,100
2026-10-07 00:59:34+00:00,1000.0000,11.8500,11.8300,11.8500,11.8254,11.8377,0.2082,806080.1300,2265679.9100,100,100
2026-10-07 01:00:34+00:00,1000.0000,11.8500,11.8300,11.8500,11.8254,11.8377,0.2082,834491.6600,2181074.2100,100,100
2026-10-07 01:01:34+00:00,1000.0000,11.8500,11.8300,11.8500,11.8254,11.8377,0.2082,839678.4300,2224730.0000,100,100
2026-10-07 01:02:34+00:00,1000.0000,11.8500,11.8300,11.8500,11.8254,11.8377,0.2082,834105.7400,2247062.6600,100,100
2026-10-07 01:03:34+00:00,1000.0000,11.8500,11.8300,11.8500,11.8269,11.8385,0.1951,877674.1800,2237842.3000,100,100
2026-10-07 01:04:34+00:00,1000.0000,11.8500,11.8300,11.8500,11.8269,11.8385,0.1951,852012.6600,2286689.9400,100,100
2026-10-07 01:05:34+00:00,1000.0000,11.8500,11.8300,11.8500,11.8269,11.8385,0.1951,870676.5800,2403987.7600,100,100
2026-10-07 01:06:34+00:00,1000.0000,11.8500,11.8500,11.8500,11.8188,11.8344,0.2637,859362.1200,2241669.0800,100,100
2026-10-07 01:07:34+00:00,1000.0000,11.8500,11.8500,11.8500,11.8188,11.8344,0.2637,865345.0700,2243001.5400,100,100
2026-10-07 01:08:34+00:00,1000.0000,11.8400,11.8500,11.8498,11.8173,11.8336,0.2745,725674.1100,2230258.5200,100,100
2026-10-07 01:09:34+00:00,1000.0000,11.8400,11.8500,11.8498,11.8178,11.8338,0.2706,722772.5100,2398490.1000,100,100
2026-10-07 01:10:34+00:00,1000.0000,11.8400,11.8200,11.8498,11.8174,11.8336,0.2741,724083.8800,2400688.0300,100,100
2026-10-07 01:11:34+00:00,1000.0000,11.8400,11.8200,11.8498,11.8174,11.8336,0.2741,717358.8400,2288516.3600,100,100
2026-10-07 01:12:34+00:00,1000.0000,11.8400,11.8200,11.8498,11.8174,11.8336,0.2741,742851.0100,2220612.2500,100,100
2026-10-07 01:13:34+00:00,1000.0000,11.8400,11.8200,11.8498,11.8174,11.8336,0.2741,726789.5400,2158014.0300,100,100
2026-10-07 01:14:34+00:00,1000.0000,11.8400,11.8200,11.8498,11.8174,11.8336,0.2741,738953.0400,2295323.2500,100,100
2026-10-07 01:15:34+00:00,1000.0000,11.8400,11.8200,11.8498,11.8174,11.8336,0.2741,900616.7700,2137768.7600,100,100
2026-10-07 01:16:34+00:00,1000.0000,11.8400,11.8200,11.8493,11.8184,11.8339,0.2613,901681.9800,2199479.6200,100,100
2026-10-07 01:17:34+00:00,1000.0000,11.8400,11.8200,11.8493,11.8184,11.8339,0.2613,900520.6100,2199382.1700,100,100
2026-10-07 01:18:34+00:00,1000.0000,11.8400,11.8200,11.8493,11.8184,11.8339,0.2613,837472.9300,2198807.6700,100,100
2026-10-07 01:19:34+00:00,1000.0000,11.8400,11.8200,11.8492,11.8184,11.8338,0.2605,834406.6700,2196521.6200,100,100
2026-10-07 01:20:34+00:00,1000.0000,11.8400,11.8200,11.8491,11.8184,11.8337,0.2591,808460.3000,2275040.4000,100,100
2026-10-07 01:21:34+00:00,1000.0000,11.8400,11.8200,11.8491,11.8184,11.8337,0.2591,776715.3400,2410863.2300,100,100
2026-10-07 01:22:34+00:00,1000.0000,11.8400,11.8200,11.8491,11.8200,11.8345,0.2457,795704.3800,2492045.7400,100,100
2026-10-07 01:23:34+00:00,1000.0000,11.8400,11.8200,11.8491,11.8200,11.8345,0.2457,798221.5600,2570410.0900,100,100
2026-10-07 01:24:34+00:00,1000.0000,11.8400,11.8300,11.8491,11.8200,11.8345,0.2457,796674.3400,2544923.3800,100,100
2026-10-07 01:25:34+00:00,1000.0000,11.8400,11.8300,11.8491,11.8200,11.8345,0.2457,777593.8400,2341230.9300,100,100
2026-10-07 01:26:34+00:00,1000.0000,11.8400,11.8300,11.8491,11.8200,11.8345,0.2457,770686.0300,2346554.1200,100,100
2026-10-07 01:27:34+00:00,1000.0000,11.8400,11.8300,11.8491,11.8200,11.8345,0.2457,767705.3000,2345461.2800,100,100
2026-10-07 01:28:34+00:00,1000.0000,11.8400,11.8300,11.8462,11.8200,11.8331,0.2215,750430.3100,2272727.5800,100,100
2026-10-07 01:29:34+00:00,1000.0000,11.8400,11.8300,11.8462,11.8200,11.8331,0.2215,752388.1300,2400052.8500,100,100
2026-10-07 01:30:34+00:00,1000.0000,11.8400,11.8300,11.8462,11.8107,11.8285,0.2999,648969.7600,2181554.0700,100,100
2026-10-07 01:31:34+00:00,1000.0000,11.8400,11.8300,11.8462,11.8107,11.8285,0.2999,642110.0800,2181408.1800,100,100
2026-10-07 01:32:34+00:00,1000.0000,11.8400,11.8300,11.8427,11.8200,11.8314,0.1920,727775.8400,2482301.9900,100,100
2026-10-07 01:33:34+00:00,1000.0000,11.8400,11.8300,11.8427,11.8200,11.8314,0.1920,708478.6500,2480002.3400,100,100
2026-10-07 01:34:34+00:00,1000.0000,11.8400,11.8300,11.8427,11.8200,11.8314,0.1920,703564.5400,2537444.6100,100,100
2026-10-07 01:35:34+00:00,1000.0000,11.8400,11.8300,11.8427,11.8200,11.8314,0.1921,702217.9300,2409644.7600,100,100
2026-10-07 01:36:34+00:00,1000.0000,11.8400,11.8300,11.8462,11.8200,11.8331,0.2216,743896.1500,2704271.6600,100,100
2026-10-07 01:37:34+00:00,1000.0000,11.8300,11.8300,11.8464,11.8200,11.8332,0.2229,694604.2300,2506731.9500,100,100
2026-10-07 01:38:34+00:00,1000.0000,11.8300,11.8300,11.8464,11.8200,11.8332,0.2229,688555.0300,2506667.2500,100,100
2026-10-07 01:39:34+00:00,1000.0000,11.8400,11.8300,11.8495,11.8200,11.8348,0.2493,685374.7800,2506497.0200,100,100
2026-10-07 01:40:34+00:00,1000.0000,11.8400,11.8300,11.8495,11.8200,11.8348,0.2493,540423.2000,2614147.9500,100,100
2026-10-07 01:41:34+00:00,1000.0000,11.8500,11.8300,11.8542,11.8200,11.8371,0.2887,392877.1900,2873323.2300,100,100
2026-10-07 01:42:34+00:00,1000.0000,11.8500,11.8300,11.8550,11.8200,11.8375,0.2956,533720.8900,2817833.3100,100,100
2026-10-07 01:43:34+00:00,1000.0000,11.8500,11.8300,11.8551,11.8200,11.8375,0.2961,488577.4500,2873126.7700,100,100
2026-10-07 01:44:34+00:00,1000.0000,11.8500,11.8500,11.8569,11.8203,11.8386,0.3094,487016.1200,2812800.7700,100,100
2026-10-07 01:45:34+00:00,1000.0000,11.8500,11.8500,11.8571,11.8302,11.8437,0.2278,537878.7600,2957449.5700,100,100
2026-10-07 01:46:34+00:00,1000.0000,11.8500,11.8500,11.8580,11.8302,11.8441,0.2349,536247.9100,2959915.6200,100,100
2026-10-07 01:47:34+00:00,1000.0000,11.8500,11.8500,11.8580,11.8302,11.8441,0.2349,594473.3500,2947149.9500,100,100
2026-10-07 01:48:34+00:00,1000.0000,11.8500,11.8500,11.8580,11.8302,11.8441,0.2349,655622.0100,2945760.1500,100,100
2026-10-07 01:49:34+00:00,1000.0000,11.8500,11.8500,11.8580,11.8302,11.8441,0.2349,565971.7100,2809420.2500,100,100
2026-10-07 01:50:34+00:00,1000.0000,11.8600,11.8500,11.8600,11.8302,11.8451,0.2518,663115.6400,2862553.4400,100,100
2026-10-07 01:51:34+00:00,1000.0000,11.8600,11.8500,11.8600,11.8302,11.8451,0.2518,665182.0200,2859428.8700,100,100
2026-10-07 01:52:34+00:00,1000.0000,11.8600,11.8500,11.8600,11.8302,11.8451,0.2518,664483.9700,2859112.4300,100,100
2026-10-07 01:53:34+00:00,1000.0000,11.8600,11.8500,11.8600,11.8302,11.8451,0.2518,662558.3400,2795329.8100,100,100
2026-10-07 01:54:34+00:00,1000.0000,11.8500,11.8500,11.8586,11.8302,11.8444,0.2404,663631.4400,2794073.1500,100,100
2026-10-07 01:55:34+00:00,1000.0000,11.8600,11.8500,11.8600,11.8302,11.8451,0.2518,664803.8900,2881013.1100,100,100
2026-10-07 01:56:34+00:00,1000.0000,11.8600,11.8500,11.8600,11.8302,11.8451,0.2518,665729.1800,2879193.9200,100,100
2026-10-07 01:57:34+00:00,1000.0000,11.8600,11.8500,11.8600,11.8302,11.8451,0.2518,720546.1700,2753398.1500,100,100
2026-10-07 01:58:34+00:00,1000.0000,11.8600,11.8500,11.8600,11.8302,11.8451,0.2518,715650.8400,2868920.0900,100,100
2026-10-07 01:59:34+00:00,1000.0000,11.8600,11.8500,11.8600,11.8302,11.8451,0.2518,868523.3300,2929907.0300,100,100
2026-10-07 02:00:34+00:00,1000.0000,11.8600,11.8500,11.8600,11.8302,11.8451,0.2518,865762.9100,3013594.3100,100,100
2026-10-07 02:01:34+00:00,1000.0000,11.8600,11.8500,11.8600,11.8302,11.8451,0.2518,865851.9800,2916870.3900,100,100
2026-10-07 02:02:34+00:00,1000.0000,11.8600,11.8500,11.8600,11.8302,11.8451,0.2518,843498.4900,2892764.1100,100,100
2026-10-07 02:03:34+00:00,1000.0000,11.8600,11.8500,11.8600,11.8302,11.8451,0.2518,846426.4000,2889373.0300,100,100
2026-10-07 02:04:34+00:00,1000.0000,11.8600,11.8500,11.8600,11.8302,11.8451,0.2518,841641.9000,2892538.4000,100,100
2026-10-07 02:05:34+00:00,1000.0000,11.8600,11.8500,11.8600,11.8302,11.8451,0.2518,839868.7100,2888179.4200,100,100
2026-10-07 02:06:34+00:00,1000.0000,11.8600,11.8500,11.8600,11.8302,11.8451,0.2518,813738.7900,2848447.9500,100,100
2026-10-07 02:07:34+00:00,1000.0000,11.8600,11.8500,11.8600,11.8302,11.8451,0.2518,810587.4900,2844231.5300,100,100
2026-10-07 02:08:34+00:00,1000.0000,11.8600,11.8500,11.8600,11.8302,11.8451,0.2518,770763.5000,2733643.2900,100,100
2026-10-07 02:09:34+00:00,1000.0000,11.8600,11.8500,11.8600,11.8302,11.8451,0.2518,762202.8400,2732736.1800,100,100
2026-10-07 02:10:34+00:00,1000.0000,11.8600,11.8500,11.8600,11.8302,11.8451,0.2518,722690.6900,2808470.0100,100,100
2026-10-07 02:11:34+00:00,1000.0000,11.8600,11.8500,11.8608,11.8302,11.8455,0.2586,716303.9300,2680053.8400,100,100
2026-10-07 02:12:34+00:00,1000.0000,11.8600,11.8500,11.8609,11.8302,11.8455,0.2590,723326.6700,2753881.5100,100,100
2026-10-07 02:13:34+00:00,1000.0000,11.8600,11.8500,11.8610,11.8302,11.8456,0.2600,718806.4300,2836091.1700,100,100
2026-10-07 02:14:34+00:00,1000.0000,11.8600,11.8500,11.8600,11.8302,11.8451,0.2518,700083.9900,2812646.5100,100,100
2026-10-07 02:15:34+00:00,1000.0000,11.8600,11.8500,11.8610,11.8302,11.8456,0.2600,585261.5300,2519097.9300,100,100
2026-10-07 02:16:34+00:00,1000.0000,11.8500,11.8500,11.8601,11.8302,11.8451,0.2529,592595.2500,2518893.5700,100,100
2026-10-07 02:17:34+00:00,1000.0000,11.8500,11.8500,11.8601,11.8302,11.8451,0.2529,580864.6600,2516605.7100,100,100
2026-10-07 02:18:34+00:00,1000.0000,11.8500,11.8500,11.8601,11.8302,11.8451,0.2529,554890.9800,2547220.6000,100,100
2026-10-07 02:19:34+00:00,1000.0000,11.8500,11.8500,11.8599,11.8302,11.8450,0.2509,540797.4400,2529062.6300,100,100
2026-10-07 02:20:34+00:00,1000.0000,11.8500,11.8500,11.8599,11.8401,11.8500,0.1672,535764.1500,2476298.6500,100,100
2026-10-07 02:21:34+00:00,1000.0000,11.8500,11.8500,11.8599,11.8401,11.8500,0.1672,536721.2400,2480020.0100,100,100
2026-10-07 02:22:34+00:00,1000.0000,11.8500,11.8500,11.8599,11.8401,11.8500,0.1672,559779.8200,2479858.1800,100,100
2026-10-07 02:23:34+00:00,1000.0000,11.8500,11.8600,11.8599,11.8421,11.8510,0.1503,556675.9700,2479053.2800,100,100
2026-10-07 02:24:34+00:00,1000.0000,11.8500,11.8600,11.8599,11.8421,11.8510,0.1503,561892.3000,2479053.2800,100,100
2026-10-07 02:25:34+00:00,1000.0000,11.8500,11.8600,11.8599,11.8399,11.8499,0.1689,634910.6300,2475025.0700,100,100
2026-10-07 02:26:34+00:00,1000.0000,11.8500,11.8600,11.8596,11.8399,11.8497,0.1662,620137.1300,2474966.5400,100,100
2026-10-07 02:27:34+00:00,1000.0000,11.8500,11.8600,11.8596,11.8399,11.8497,0.1662,619566.9800,2474404.7100,100,100
2026-10-07 02:28:34+00:00,1000.0000,11.8500,11.8600,11.8596,11.8399,11.8497,0.1662,618119.3800,2470620.9500,100,100
2026-10-07 02:29:34+00:00,1000.0000,11.8500,11.8600,11.8596,11.8399,11.8497,0.1662,618051.4500,2616436.2000,100,100
2026-10-07 02:30:34+00:00,1000.0000,11.8500,11.8500,11.8596,11.8302,11.8449,0.2483,616173.9100,2533122.3300,100,100
2026-10-07 02:31:34+00:00,1000.0000,11.8500,11.8500,11.8596,11.8302,11.8449,0.2483,617297.2900,2533559.6600,100,100
2026-10-07 02:32:34+00:00,1000.0000,11.8500,11.8500,11.8596,11.8302,11.8449,0.2483,528301.1500,2303137.4000,100,100
2026-10-07 02:33:34+00:00,1000.0000,11.8500,11.8500,11.8596,11.8302,11.8449,0.2483,523950.4300,2259504.3600,100,100
2026-10-07 02:34:34+00:00,1000.0000,11.8500,11.8500,11.8596,11.8302,11.8449,0.2483,497157.8500,2042946.0900,100,100
2026-10-07 02:35:34+00:00,1000.0000,11.8500,11.8500,11.8596,11.8302,11.8449,0.2483,549324.5600,2086669.7300,100,100
2026-10-07 02:36:34+00:00,1000.0000,11.8500,11.8500,11.8596,11.8302,11.8449,0.2483,783830.4100,2540042.6800,100,100
2026-10-07 02:37:34+00:00,1000.0000,11.8500,11.8500,11.8596,11.8302,11.8449,0.2483,737528.7900,2395246.4500,100,100
2026-10-07 02:38:34+00:00,1000.0000,11.8500,11.8500,11.8596,11.8302,11.8449,0.2483,712804.1000,2401352.1300,100,100
2026-10-07 02:39:34+00:00,1000.0000,11.8500,11.8500,11.8596,11.8302,11.8449,0.2483,712113.2900,2475282.0000,100,100
2026-10-07 02:40:34+00:00,1000.0000,11.8500,11.8500,11.8596,11.8302,11.8449,0.2483,725790.1400,2482515.4700,100,100
2026-10-07 02:41:34+00:00,1000.0000,11.8500,11.8500,,11.8401,,,720034.6100,2483335.2600,100,100
2026-10-07 02:42:34+00:00,1000.0000,11.8500,11.8500,,11.8401,,,704828.0900,2788947.9500,100,100
2026-10-07 02:43:34+00:00,1000.0000,11.8500,11.8500,11.8596,11.8401,11.8498,0.1645,703315.2000,2788947.9500,100,100
2026-10-07 02:44:34+00:00,1000.0000,11.8500,11.8500,11.8596,11.8401,11.8498,0.1645,743858.5600,2487756.4500,100,100
2026-10-07 02:45:34+00:00,1000.0000,11.8500,11.8500,11.8596,11.8401,11.8498,0.1645,745789.2700,2485818.6600,100,100
