fecha_corte,banco,tco_banco
2026-06-26,BANCO BISA,9.72
2026-06-26,BANCO DE CRÉDITO,9.46
2026-06-26,BANCO DE LA NACIÓN ARGENTINA,9.7
2026-06-26,BANCO ECONÓMICO,9.77
2026-06-26,BANCO FORTALEZA,9.82
2026-06-26,BANCO GANADERO,9.78
2026-06-26,BANCO MERCANTIL SANTA CRUZ,9.64
2026-06-26,BANCO NACIONAL DE BOLIVIA,9.75
2026-06-26,BANCO SOLIDARIO,9.63
2026-06-26,BANCO UNION,9.05
2026-06-29,BANCO BISA,9.73
2026-06-29,BANCO DE CRÉDITO,9.67
2026-06-29,BANCO DE LA NACIÓN ARGENTINA,9.63
2026-06-29,BANCO ECONÓMICO,9.79
2026-06-29,BANCO FIE,9.73
2026-06-29,BANCO FORTALEZA,9.73
2026-06-29,BANCO GANADERO,9.7
2026-06-29,BANCO MERCANTIL SANTA CRUZ,9.8
2026-06-29,BANCO NACIONAL DE BOLIVIA,9.59
2026-06-29,BANCO PRODEM,9.63
2026-06-29,BANCO PYME DE LA COMUNIDAD,9.73
2026-06-29,BANCO PYME ECOFUTURO,9.73
2026-06-29,BANCO SOLIDARIO,9.73
2026-06-29,BANCO UNION,9.73
2026-06-30,BANCO BISA,9.79
2026-06-30,BANCO DE CRÉDITO,9.78
2026-06-30,BANCO DE LA NACIÓN ARGENTINA,9.66
2026-06-30,BANCO ECONÓMICO,9.72
2026-06-30,BANCO FIE,9.66
2026-06-30,BANCO FORTALEZA,9.71
2026-06-30,BANCO GANADERO,9.73
2026-06-30,BANCO MERCANTIL SANTA CRUZ,9.77
2026-06-30,BANCO NACIONAL DE BOLIVIA,9.57
2026-06-30,BANCO PRODEM,9.56
2026-06-30,BANCO PYME DE LA COMUNIDAD,9.76
2026-06-30,BANCO PYME ECOFUTURO,9.76
2026-06-30,BANCO SOLIDARIO,9.79
2026-06-30,BANCO UNION,9.76
2026-07-01,BANCO BISA,9.79
2026-07-01,BANCO DE CRÉDITO,9.77
2026-07-01,BANCO DE LA NACIÓN ARGENTINA,9.66
2026-07-01,BANCO ECONÓMICO,9.76
2026-07-01,BANCO FIE,9.66
2026-07-01,BANCO FORTALEZA,9.75
2026-07-01,BANCO GANADERO,9.78
2026-07-01,BANCO MERCANTIL SANTA CRUZ,9.56
2026-07-01,BANCO NACIONAL DE BOLIVIA,9.75
2026-07-01,BANCO PRODEM,9.36
2026-07-01,BANCO PYME DE LA COMUNIDAD,9.76
2026-07-01,BANCO PYME ECOFUTURO,9.36
2026-07-01,BANCO SOLIDARIO,9.76
2026-07-01,BANCO UNION,9.89
2026-07-02,BANCO BISA,9.81
2026-07-02,BANCO DE CRÉDITO,9.86
2026-07-02,BANCO DE LA NACIÓN ARGENTINA,9.77
2026-07-02,BANCO ECONÓMICO,9.78
2026-07-02,BANCO FIE,9.68
2026-07-02,BANCO FORTALEZA,9.78
2026-07-02,BANCO GANADERO,9.78
2026-07-02,BANCO MERCANTIL SANTA CRUZ,9.72
2026-07-02,BANCO NACIONAL DE BOLIVIA,9.78
2026-07-02,BANCO PRODEM,9.48
2026-07-02,BANCO PYME DE LA COMUNIDAD,9.78
2026-07-02,BANCO PYME ECOFUTURO,9.38
2026-07-02,BANCO SOLIDARIO,9.77
2026-07-02,BANCO UNION,9.78
2026-07-03,BANCO BISA,9.84
2026-07-03,BANCO DE CRÉDITO,9.88
2026-07-03,BANCO DE LA NACIÓN ARGENTINA,9.7
2026-07-03,BANCO ECONÓMICO,9.89
2026-07-03,BANCO FIE,9.7
2026-07-03,BANCO FORTALEZA,9.81
2026-07-03,BANCO GANADERO,9.81
2026-07-03,BANCO MERCANTIL SANTA CRUZ,9.84
2026-07-03,BANCO NACIONAL DE BOLIVIA,9.8
2026-07-03,BANCO PRODEM,9.7
2026-07-03,BANCO PYME DE LA COMUNIDAD,9.8
2026-07-03,BANCO PYME ECOFUTURO,9.4
2026-07-03,BANCO SOLIDARIO,9.85
2026-07-03,BANCO UNION,9.8
2026-07-06,BANCO BISA,9.88
2026-07-06,BANCO DE CRÉDITO,9.93
2026-07-06,BANCO DE LA NACIÓN ARGENTINA,9.8
2026-07-06,BANCO ECONÓMICO,9.89
2026-07-06,BANCO FIE,9.73
2026-07-06,BANCO FORTALEZA,9.76
2026-07-06,BANCO GANADERO,9.71
2026-07-06,BANCO MERCANTIL SANTA CRUZ,10.0
2026-07-06,BANCO NACIONAL DE BOLIVIA,9.8
2026-07-06,BANCO PRODEM,9.73
2026-07-06,BANCO PYME DE LA COMUNIDAD,9.83
2026-07-06,BANCO PYME ECOFUTURO,9.43
2026-07-06,BANCO SOLIDARIO,9.9
2026-07-06,BANCO UNION,9.83
2026-07-07,BANCO BISA,9.97
2026-07-07,BANCO DE CRÉDITO,9.91
2026-07-07,BANCO DE LA NACIÓN ARGENTINA,9.82
2026-07-07,BANCO ECONÓMICO,9.99
2026-07-07,BANCO FIE,9.79
2026-07-07,BANCO FORTALEZA,9.89
2026-07-07,BANCO GANADERO,9.95
2026-07-07,BANCO MERCANTIL SANTA CRUZ,10.01
2026-07-07,BANCO NACIONAL DE BOLIVIA,9.95
2026-07-07,BANCO PRODEM,9.79
2026-07-07,BANCO PYME DE LA COMUNIDAD,9.89
2026-07-07,BANCO PYME ECOFUTURO,9.49
2026-07-07,BANCO SOLIDARIO,9.97
2026-07-07,BANCO UNION,9.89
2026-07-08,BANCO BISA,10.09
2026-07-08,BANCO DE CRÉDITO,10.07
2026-07-08,BANCO DE LA NACIÓN ARGENTINA,9.86
2026-07-08,BANCO ECONÓMICO,9.92
2026-07-08,BANCO FIE,9.86
2026-07-08,BANCO FORTALEZA,10.07
2026-07-08,BANCO GANADERO,10.04
2026-07-08,BANCO MERCANTIL SANTA CRUZ,10.21
2026-07-08,BANCO NACIONAL DE BOLIVIA,9.94
2026-07-08,BANCO PRODEM,9.86
2026-07-08,BANCO PYME DE LA COMUNIDAD,9.96
2026-07-08,BANCO PYME ECOFUTURO,9.56
2026-07-08,BANCO SOLIDARIO,10.06
2026-07-08,BANCO UNION,9.96
2026-07-09,BANCO BISA,10.23
2026-07-09,BANCO DE CRÉDITO,10.26
2026-07-09,BANCO DE LA NACIÓN ARGENTINA,10.0
2026-07-09,BANCO ECONÓMICO,10.24
2026-07-09,BANCO FIE,10.0
2026-07-09,BANCO FORTALEZA,7.5
2026-07-09,BANCO GANADERO,10.13
2026-07-09,BANCO MERCANTIL SANTA CRUZ,10.28
2026-07-09,BANCO NACIONAL DE BOLIVIA,10.14
2026-07-09,BANCO PRODEM,10.0
2026-07-09,BANCO PYME DE LA COMUNIDAD,10.1
2026-07-09,BANCO PYME ECOFUTURO,9.7
2026-07-09,BANCO SOLIDARIO,10.38
2026-07-09,BANCO UNION,10.1
2026-07-10,BANCO BISA,10.38
2026-07-10,BANCO DE CRÉDITO,10.57
2026-07-10,BANCO DE LA NACIÓN ARGENTINA,10.18
2026-07-10,BANCO ECONÓMICO,10.54
2026-07-10,BANCO FIE,10.19
2026-07-10,BANCO FORTALEZA,10.27
2026-07-10,BANCO GANADERO,10.3
2026-07-10,BANCO MERCANTIL SANTA CRUZ,10.33
2026-07-10,BANCO NACIONAL DE BOLIVIA,10.24
2026-07-10,BANCO PRODEM,10.14
2026-07-10,BANCO PYME DE LA COMUNIDAD,10.24
2026-07-10,BANCO PYME ECOFUTURO,9.84
2026-07-10,BANCO SOLIDARIO,10.57
2026-07-10,BANCO UNION,10.24
2026-07-13,BANCO BISA,10.53
2026-07-13,BANCO DE CRÉDITO,10.38
2026-07-13,BANCO DE LA NACIÓN ARGENTINA,10.35
2026-07-13,BANCO ECONÓMICO,10.53
2026-07-13,BANCO FIE,10.49
2026-07-13,BANCO FORTALEZA,10.4
2026-07-13,BANCO GANADERO,10.11
2026-07-13,BANCO MERCANTIL SANTA CRUZ,10.66
2026-07-13,BANCO NACIONAL DE BOLIVIA,10.34
2026-07-13,BANCO PRODEM,10.3
2026-07-13,BANCO PYME DE LA COMUNIDAD,10.4
2026-07-13,BANCO PYME ECOFUTURO,10.0
2026-07-13,BANCO SOLIDARIO,10.55
2026-07-13,BANCO UNION,10.4
2026-07-14,BANCO BISA,10.59
2026-07-14,BANCO DE CRÉDITO,10.73
2026-07-14,BANCO DE LA NACIÓN ARGENTINA,10.43
2026-07-14,BANCO ECONÓMICO,10.72
2026-07-14,BANCO FIE,10.8
2026-07-14,BANCO FORTALEZA,10.7
2026-07-14,BANCO GANADERO,10.58
2026-07-14,BANCO MERCANTIL SANTA CRUZ,10.81
2026-07-14,BANCO NACIONAL DE BOLIVIA,10.4
2026-07-14,BANCO PRODEM,10.4
2026-07-14,BANCO PYME DE LA COMUNIDAD,10.5
2026-07-14,BANCO PYME ECOFUTURO,10.1
2026-07-14,BANCO SOLIDARIO,10.52
2026-07-14,BANCO UNION,10.5
2026-07-15,BANCO BISA,10.71
2026-07-15,BANCO DE CRÉDITO,10.84
2026-07-15,BANCO DE LA NACIÓN ARGENTINA,10.69
2026-07-15,BANCO ECONÓMICO,10.67
2026-07-15,BANCO FIE,10.6
2026-07-15,BANCO FORTALEZA,10.77
2026-07-15,BANCO GANADERO,10.69
2026-07-15,BANCO MERCANTIL SANTA CRUZ,10.69
2026-07-15,BANCO NACIONAL DE BOLIVIA,10.75
2026-07-15,BANCO PRODEM,10.6
2026-07-15,BANCO PYME DE LA COMUNIDAD,10.7
2026-07-15,BANCO PYME ECOFUTURO,10.3
2026-07-15,BANCO SOLIDARIO,10.9
2026-07-15,BANCO UNION,10.7
2026-07-17,BANCO BISA,10.93
2026-07-17,BANCO DE CRÉDITO,10.86
2026-07-17,BANCO DE LA NACIÓN ARGENTINA,10.74
2026-07-17,BANCO ECONÓMICO,10.75
2026-07-17,BANCO FIE,10.65
2026-07-17,BANCO FORTALEZA,10.8
2026-07-17,BANCO GANADERO,10.88
2026-07-17,BANCO MERCANTIL SANTA CRUZ,10.82
2026-07-17,BANCO NACIONAL DE BOLIVIA,10.75
2026-07-17,BANCO PRODEM,10.65
2026-07-17,BANCO PYME DE LA COMUNIDAD,10.75
2026-07-17,BANCO PYME ECOFUTURO,11.13
2026-07-17,BANCO SOLIDARIO,10.99
2026-07-17,BANCO UNION,10.75
2026-07-20,BANCO BISA,10.94
2026-07-20,BANCO DE CRÉDITO,10.9
2026-07-20,BANCO DE LA NACIÓN ARGENTINA,10.76
2026-07-20,BANCO ECONÓMICO,10.84
2026-07-20,BANCO FIE,10.75
2026-07-20,BANCO FORTALEZA,10.79
2026-07-20,BANCO GANADERO,10.86
2026-07-20,BANCO MERCANTIL SANTA CRUZ,10.85
2026-07-20,BANCO NACIONAL DE BOLIVIA,10.78
2026-07-20,BANCO PRODEM,10.75
2026-07-20,BANCO PYME DE LA COMUNIDAD,10.85
2026-07-20,BANCO PYME ECOFUTURO,10.45
2026-07-20,BANCO SOLIDARIO,11.01
2026-07-20,BANCO UNION,10.9
2026-07-21,BANCO BISA,11.0
2026-07-21,BANCO DE CRÉDITO,11.06
2026-07-21,BANCO DE LA NACIÓN ARGENTINA,10.96
2026-07-21,BANCO ECONÓMICO,10.8
2026-07-21,BANCO FIE,10.9
2026-07-21,BANCO FORTALEZA,10.96
2026-07-21,BANCO GANADERO,10.98
2026-07-21,BANCO MERCANTIL SANTA CRUZ,10.91
2026-07-21,BANCO NACIONAL DE BOLIVIA,10.91
2026-07-21,BANCO PRODEM,10.8
2026-07-21,BANCO PYME DE LA COMUNIDAD,10.9
2026-07-21,BANCO PYME ECOFUTURO,10.9
2026-07-21,BANCO SOLIDARIO,11.06
2026-07-21,BANCO UNION,10.9
2026-07-22,BANCO BISA,11.09
2026-07-22,BANCO DE CRÉDITO,11.12
2026-07-22,BANCO DE LA NACIÓN ARGENTINA,10.92
2026-07-22,BANCO ECONÓMICO,11.19
2026-07-22,BANCO FIE,10.9
2026-07-22,BANCO FORTALEZA,10.98
2026-07-22,BANCO GANADERO,11.19
2026-07-22,BANCO MERCANTIL SANTA CRUZ,11.11
2026-07-22,BANCO NACIONAL DE BOLIVIA,11.09
2026-07-22,BANCO PRODEM,10.9
2026-07-22,BANCO PYME DE LA COMUNIDAD,11.0
2026-07-22,BANCO PYME ECOFUTURO,10.6
2026-07-22,BANCO SOLIDARIO,11.24
2026-07-22,BANCO UNION,11.0
2026-07-23,BANCO BISA,11.22
2026-07-23,BANCO DE CRÉDITO,11.18
2026-07-23,BANCO DE LA NACIÓN ARGENTINA,11.03
2026-07-23,BANCO ECONÓMICO,11.23
2026-07-23,BANCO FIE,11.03
2026-07-23,BANCO FORTALEZA,11.36
2026-07-23,BANCO GANADERO,11.19
2026-07-23,BANCO MERCANTIL SANTA CRUZ,11.27
2026-07-23,BANCO NACIONAL DE BOLIVIA,11.11
2026-07-23,BANCO PRODEM,11.03
2026-07-23,BANCO PYME DE LA COMUNIDAD,11.13
2026-07-23,BANCO PYME ECOFUTURO,10.73
2026-07-23,BANCO SOLIDARIO,11.31
2026-07-23,BANCO UNION,11.13
2026-07-24,BANCO BISA,11.38
2026-07-24,BANCO DE CRÉDITO,11.56
2026-07-24,BANCO DE LA NACIÓN ARGENTINA,11.11
2026-07-24,BANCO ECONÓMICO,11.5
2026-07-24,BANCO FIE,11.11
2026-07-24,BANCO FORTALEZA,11.33
2026-07-24,BANCO GANADERO,11.38
2026-07-24,BANCO MERCANTIL SANTA CRUZ,11.06
2026-07-24,BANCO NACIONAL DE BOLIVIA,11.19
2026-07-24,BANCO PRODEM,11.11
2026-07-24,BANCO PYME DE LA COMUNIDAD,11.21
2026-07-24,BANCO PYME ECOFUTURO,10.81
2026-07-24,BANCO SOLIDARIO,11.42
2026-07-24,BANCO UNION,11.21
2026-07-27,BANCO BISA,11.54
2026-07-27,BANCO DE CRÉDITO,11.74
2026-07-27,BANCO DE LA NACIÓN ARGENTINA,11.33
2026-07-27,BANCO ECONÓMICO,11.45
2026-07-27,BANCO FIE,11.51
2026-07-27,BANCO FORTALEZA,11.52
2026-07-27,BANCO GANADERO,11.41
2026-07-27,BANCO MERCANTIL SANTA CRUZ,11.55
2026-07-27,BANCO NACIONAL DE BOLIVIA,11.32
2026-07-27,BANCO PRODEM,11.27
2026-07-27,BANCO PYME DE LA COMUNIDAD,11.37
2026-07-27,BANCO PYME ECOFUTURO,10.97
2026-07-27,BANCO SOLIDARIO,11.54
2026-07-27,BANCO UNION,11.37
2026-07-28,BANCO BISA,11.77
2026-07-28,BANCO DE CRÉDITO,11.78
2026-07-28,BANCO DE LA NACIÓN ARGENTINA,11.51
2026-07-28,BANCO ECONÓMICO,11.83
2026-07-28,BANCO FIE,12.06
2026-07-28,BANCO FORTALEZA,12.07
2026-07-28,BANCO GANADERO,11.73
2026-07-28,BANCO MERCANTIL SANTA CRUZ,11.91
2026-07-28,BANCO NACIONAL DE BOLIVIA,11.55
2026-07-28,BANCO PRODEM,11.44
2026-07-28,BANCO PYME DE LA COMUNIDAD,11.54
2026-07-28,BANCO PYME ECOFUTURO,11.39
2026-07-28,BANCO SOLIDARIO,11.74
2026-07-28,BANCO UNION,11.54
2026-07-29,BANCO BISA,12.01
2026-07-29,BANCO DE CRÉDITO,11.93
2026-07-29,BANCO DE LA NACIÓN ARGENTINA,11.92
2026-07-29,BANCO ECONÓMICO,11.96
2026-07-29,BANCO FIE,11.7
2026-07-29,BANCO FORTALEZA,11.82
2026-07-29,BANCO GANADERO,11.82
2026-07-29,BANCO MERCANTIL SANTA CRUZ,11.92
2026-07-29,BANCO NACIONAL DE BOLIVIA,11.77
2026-07-29,BANCO PRODEM,11.7
2026-07-29,BANCO PYME DE LA COMUNIDAD,11.8
2026-07-29,BANCO PYME ECOFUTURO,11.4
2026-07-29,BANCO SOLIDARIO,11.96
2026-07-29,BANCO UNION,11.8
2026-07-30,BANCO BISA,12.16
2026-07-30,BANCO DE CRÉDITO,12.24
2026-07-30,BANCO DE LA NACIÓN ARGENTINA,11.8
2026-07-30,BANCO ECONÓMICO,11.84
2026-07-30,BANCO FIE,12.04
2026-07-30,BANCO FORTALEZA,12.33
2026-07-30,BANCO GANADERO,12.15
2026-07-30,BANCO MERCANTIL SANTA CRUZ,12.0
2026-07-30,BANCO NACIONAL DE BOLIVIA,11.95
2026-07-30,BANCO PRODEM,11.79
2026-07-30,BANCO PYME DE LA COMUNIDAD,11.89
2026-07-30,BANCO PYME ECOFUTURO,11.49
2026-07-30,BANCO SOLIDARIO,12.07
2026-07-30,BANCO UNION,12.09
2026-07-31,BANCO BISA,12.19
2026-07-31,BANCO DE CRÉDITO,12.18
2026-07-31,BANCO DE LA NACIÓN ARGENTINA,12.16
2026-07-31,BANCO ECONÓMICO,12.05
2026-07-31,BANCO FIE,12.19
2026-07-31,BANCO FORTALEZA,12.11
2026-07-31,BANCO GANADERO,12.08
2026-07-31,BANCO MERCANTIL SANTA CRUZ,12.13
2026-07-31,BANCO NACIONAL DE BOLIVIA,12.17
2026-07-31,BANCO PRODEM,12.05
2026-07-31,BANCO PYME DE LA COMUNIDAD,12.15
2026-07-31,BANCO PYME ECOFUTURO,12.1
2026-07-31,BANCO SOLIDARIO,12.04
2026-07-31,BANCO UNION,12.19
2026-08-03,BANCO BISA,11.96
2026-08-03,BANCO DE CRÉDITO,12.1
2026-08-03,BANCO DE LA NACIÓN ARGENTINA,12.12
2026-08-03,BANCO ECONÓMICO,11.97
2026-08-03,BANCO FIE,12.03
2026-08-03,BANCO FORTALEZA,12.31
2026-08-03,BANCO GANADERO,12.07
2026-08-03,BANCO MERCANTIL SANTA CRUZ,12.06
2026-08-03,BANCO NACIONAL DE BOLIVIA,12.05
2026-08-03,BANCO PRODEM,12.03
2026-08-03,BANCO PYME DE LA COMUNIDAD,12.13
2026-08-03,BANCO PYME ECOFUTURO,11.73
2026-08-03,BANCO SOLIDARIO,12.14
2026-08-03,BANCO UNION,12.14
2026-08-04,BANCO BISA,12.03
2026-08-04,BANCO DE CRÉDITO,11.97
2026-08-04,BANCO DE LA NACIÓN ARGENTINA,11.9
2026-08-04,BANCO ECONÓMICO,11.92
2026-08-04,BANCO FIE,12.19
2026-08-04,BANCO FORTALEZA,12.06
2026-08-04,BANCO GANADERO,11.98
2026-08-04,BANCO MERCANTIL SANTA CRUZ,11.98
2026-08-04,BANCO NACIONAL DE BOLIVIA,12.02
2026-08-04,BANCO PRODEM,11.98
2026-08-04,BANCO PYME DE LA COMUNIDAD,12.08
2026-08-04,BANCO PYME ECOFUTURO,11.68
2026-08-04,BANCO SOLIDARIO,12.0
2026-08-04,BANCO UNION,12.09
2026-08-05,BANCO BISA,11.86
2026-08-05,BANCO DE CRÉDITO,11.8
2026-08-05,BANCO DE LA NACIÓN ARGENTINA,11.82
2026-08-05,BANCO ECONÓMICO,11.88
2026-08-05,BANCO FIE,12.05
2026-08-05,BANCO FORTALEZA,11.87
2026-08-05,BANCO GANADERO,11.87
2026-08-05,BANCO MERCANTIL SANTA CRUZ,11.87
2026-08-05,BANCO NACIONAL DE BOLIVIA,11.75
2026-08-05,BANCO PRODEM,11.82
2026-08-05,BANCO PYME DE LA COMUNIDAD,12.02
2026-08-05,BANCO PYME ECOFUTURO,11.62
2026-08-05,BANCO SOLIDARIO,11.85
2026-08-05,BANCO UNION,11.92
2026-08-10,BANCO BISA,11.76
2026-08-10,BANCO DE CRÉDITO,11.67
2026-08-10,BANCO DE LA NACIÓN ARGENTINA,11.79
2026-08-10,BANCO ECONÓMICO,11.1
2026-08-10,BANCO FIE,11.76
2026-08-10,BANCO FORTALEZA,11.74
2026-08-10,BANCO GANADERO,11.82
2026-08-10,BANCO MERCANTIL SANTA CRUZ,11.77
2026-08-10,BANCO NACIONAL DE BOLIVIA,11.69
2026-08-10,BANCO PRODEM,11.66
2026-08-10,BANCO PYME DE LA COMUNIDAD,11.86
2026-08-10,BANCO PYME ECOFUTURO,11.46
2026-08-10,BANCO SOLIDARIO,11.59
2026-08-10,BANCO UNION,11.36
2026-08-11,BANCO BISA,11.73
2026-08-11,BANCO DE CRÉDITO,11.6
2026-08-11,BANCO DE LA NACIÓN ARGENTINA,11.27
2026-08-11,BANCO ECONÓMICO,11.65
2026-08-11,BANCO FIE,11.71
2026-08-11,BANCO FORTALEZA,11.6
2026-08-11,BANCO GANADERO,11.69
2026-08-11,BANCO MERCANTIL SANTA CRUZ,11.54
2026-08-11,BANCO NACIONAL DE BOLIVIA,11.41
2026-08-11,BANCO PRODEM,11.57
2026-08-11,BANCO PYME DE LA COMUNIDAD,11.77
2026-08-11,BANCO PYME ECOFUTURO,11.37
2026-08-11,BANCO SOLIDARIO,11.76
2026-08-11,BANCO UNION,10.73
2026-08-12,BANCO BISA,11.69
2026-08-12,BANCO DE CRÉDITO,11.69
2026-08-12,BANCO DE LA NACIÓN ARGENTINA,11.21
2026-08-12,BANCO ECONÓMICO,11.5
2026-08-12,BANCO FIE,11.67
2026-08-12,BANCO FORTALEZA,11.61
2026-08-12,BANCO GANADERO,11.63
2026-08-12,BANCO MERCANTIL SANTA CRUZ,11.71
2026-08-12,BANCO NACIONAL DE BOLIVIA,11.56
2026-08-12,BANCO PRODEM,11.41
2026-08-12,BANCO PYME DE LA COMUNIDAD,11.47
2026-08-12,BANCO SOLIDARIO,11.61
2026-08-12,BANCO UNION,10.67
2026-08-13,BANCO BISA,11.64
2026-08-13,BANCO DE CRÉDITO,11.63
2026-08-13,BANCO DE LA NACIÓN ARGENTINA,11.55
2026-08-13,BANCO ECONÓMICO,11.42
2026-08-13,BANCO FIE,11.61
2026-08-13,BANCO FORTALEZA,11.54
2026-08-13,BANCO GANADERO,11.59
2026-08-13,BANCO MERCANTIL SANTA CRUZ,11.66
2026-08-13,BANCO NACIONAL DE BOLIVIA,11.57
2026-08-13,BANCO PRODEM,11.36
2026-08-13,BANCO PYME DE LA COMUNIDAD,11.51
2026-08-13,BANCO PYME ECOFUTURO,11.26
2026-08-13,BANCO SOLIDARIO,11.6
2026-08-13,BANCO UNION,10.16
2026-08-14,BANCO BISA,11.56
2026-08-14,BANCO DE CRÉDITO,11.62
2026-08-14,BANCO DE LA NACIÓN ARGENTINA,11.46
2026-08-14,BANCO ECONÓMICO,11.52
2026-08-14,BANCO FIE,11.63
2026-08-14,BANCO FORTALEZA,11.54
2026-08-14,BANCO GANADERO,11.59
2026-08-14,BANCO MERCANTIL SANTA CRUZ,11.59
2026-08-14,BANCO NACIONAL DE BOLIVIA,11.47
2026-08-14,BANCO PRODEM,11.32
2026-08-14,BANCO PYME ECOFUTURO,11.22
2026-08-14,BANCO SOLIDARIO,11.51
2026-08-14,BANCO UNION,11.52
2026-08-17,BANCO BISA,11.56
2026-08-17,BANCO DE CRÉDITO,11.59
2026-08-17,BANCO DE LA NACIÓN ARGENTINA,11.08
2026-08-17,BANCO ECONÓMICO,11.48
2026-08-17,BANCO FIE,11.49
2026-08-17,BANCO FORTALEZA,11.58
2026-08-17,BANCO GANADERO,11.55
2026-08-17,BANCO MERCANTIL SANTA CRUZ,11.58
2026-08-17,BANCO NACIONAL DE BOLIVIA,11.48
2026-08-17,BANCO PRODEM,11.28
2026-08-17,BANCO PYME DE LA COMUNIDAD,11.5
2026-08-17,BANCO PYME ECOFUTURO,11.18
2026-08-17,BANCO SOLIDARIO,11.6
2026-08-17,BANCO UNION,10.5
2026-08-18,BANCO BISA,11.51
2026-08-18,BANCO DE CRÉDITO,11.52
2026-08-18,BANCO DE LA NACIÓN ARGENTINA,11.05
2026-08-18,BANCO ECONÓMICO,11.44
2026-08-18,BANCO FIE,11.38
2026-08-18,BANCO FORTALEZA,11.55
2026-08-18,BANCO GANADERO,11.54
2026-08-18,BANCO MERCANTIL SANTA CRUZ,11.52
2026-08-18,BANCO NACIONAL DE BOLIVIA,11.5
2026-08-18,BANCO PRODEM,11.25
2026-08-18,BANCO PYME DE LA COMUNIDAD,11.15
2026-08-18,BANCO PYME ECOFUTURO,11.15
2026-08-18,BANCO SOLIDARIO,11.52
2026-08-18,BANCO UNION,10.5
2026-08-19,BANCO BISA,11.51
2026-08-19,BANCO DE CRÉDITO,11.52
2026-08-19,BANCO DE LA NACIÓN ARGENTINA,11.36
2026-08-19,BANCO ECONÓMICO,11.53
2026-08-19,BANCO FIE,11.51
2026-08-19,BANCO FORTALEZA,11.54
2026-08-19,BANCO GANADERO,11.53
2026-08-19,BANCO MERCANTIL SANTA CRUZ,11.53
2026-08-19,BANCO NACIONAL DE BOLIVIA,11.36
2026-08-19,BANCO PRODEM,11.22
2026-08-19,BANCO PYME DE LA COMUNIDAD,11.12
2026-08-19,BANCO PYME ECOFUTURO,11.12
2026-08-19,BANCO SOLIDARIO,11.51
2026-08-19,BANCO UNION,11.46
2026-08-20,BANCO BISA,11.52
2026-08-20,BANCO DE CREDITO,11.53
2026-08-20,BANCO DE LA NACIÓN ARGENTINA,11.48
2026-08-20,BANCO ECONOMICO,11.56
2026-08-20,BANCO FIE,11.32
2026-08-20,BANCO FORTALEZA,11.47
2026-08-20,BANCO GANADERO,11.52
2026-08-20,BANCO MERCANTIL SANTA CRUZ,11.45
2026-08-20,BANCO NACIONAL DE BOLIVIA,11.51
2026-08-20,BANCO PRODEM,11.22
2026-08-20,BANCO PYME DE LA COMUNIDAD,11.12
2026-08-20,BANCO SOLIDARIO,11.57
2026-08-20,BANCO UNION,11.45
2026-08-21,BANCO BISA,11.51
2026-08-21,BANCO DE CREDITO,11.5
2026-08-21,BANCO DE LA NACIÓN ARGENTINA,11.38
2026-08-21,BANCO ECONOMICO,11.53
2026-08-21,BANCO FIE,11.32
2026-08-21,BANCO FORTALEZA,11.48
2026-08-21,BANCO GANADERO,11.5
2026-08-21,BANCO MERCANTIL SANTA CRUZ,11.49
2026-08-21,BANCO NACIONAL DE BOLIVIA,11.46
2026-08-21,BANCO PRODEM,11.22
2026-08-21,BANCO PYME DE LA COMUNIDAD,11.12
2026-08-21,BANCO SOLIDARIO,11.55
2026-08-21,BANCO UNION,10.5
2026-08-24,BANCO BISA,11.55
2026-08-24,BANCO DE CREDITO,11.54
2026-08-24,BANCO DE LA NACIÓN ARGENTINA,11.0
2026-08-24,BANCO ECONOMICO,11.59
2026-08-24,BANCO FIE,11.53
2026-08-24,BANCO FORTALEZA,11.59
2026-08-24,BANCO GANADERO,11.53
2026-08-24,BANCO MERCANTIL SANTA CRUZ,11.28
2026-08-24,BANCO NACIONAL DE BOLIVIA,11.57
2026-08-24,BANCO PRODEM,11.2
2026-08-24,BANCO PYME DE LA COMUNIDAD,11.1
2026-08-24,BANCO SOLIDARIO,11.58
2026-08-24,BANCO UNION,10.5
2026-08-25,BANCO BISA,11.53
2026-08-25,BANCO DE CREDITO,11.62
2026-08-25,BANCO DE LA NACIÓN ARGENTINA,11.05
2026-08-25,BANCO ECONOMICO,11.61
2026-08-25,BANCO FIE,11.66
2026-08-25,BANCO FORTALEZA,11.5
2026-08-25,BANCO GANADERO,11.57
2026-08-25,BANCO MERCANTIL SANTA CRUZ,11.71
2026-08-25,BANCO NACIONAL DE BOLIVIA,11.55
2026-08-25,BANCO PRODEM,11.24
2026-08-25,BANCO PYME DE LA COMUNIDAD,11.14
2026-08-25,BANCO PYME ECOFUTURO,11.14
2026-08-25,BANCO SOLIDARIO,11.59
2026-08-25,BANCO UNION,10.5
2026-08-26,BANCO BISA,11.72
2026-08-26,BANCO DE CREDITO,11.71
2026-08-26,BANCO DE LA NACIÓN ARGENTINA,11.49
2026-08-26,BANCO ECONOMICO,11.64
2026-08-26,BANCO FIE,11.78
2026-08-26,BANCO FORTALEZA,11.6
2026-08-26,BANCO GANADERO,11.68
2026-08-26,BANCO MERCANTIL SANTA CRUZ,11.74
2026-08-26,BANCO NACIONAL DE BOLIVIA,11.73
2026-08-26,BANCO PRODEM,11.27
2026-08-26,BANCO PYME DE LA COMUNIDAD,11.17
2026-08-26,BANCO PYME ECOFUTURO,11.17
2026-08-26,BANCO SOLIDARIO,11.68
2026-08-26,BANCO UNION,10.5
2026-08-27,BANCO BISA,11.87
2026-08-27,BANCO DE CREDITO,11.85
2026-08-27,BANCO DE LA NACIÓN ARGENTINA,11.82
2026-08-27,BANCO ECONOMICO,11.79
2026-08-27,BANCO FIE,11.81
2026-08-27,BANCO FORTALEZA,11.66
2026-08-27,BANCO GANADERO,11.81
2026-08-27,BANCO MERCANTIL SANTA CRUZ,11.75
2026-08-27,BANCO NACIONAL DE BOLIVIA,11.71
2026-08-27,BANCO PRODEM,11.41
2026-08-27,BANCO PYME DE LA COMUNIDAD,11.31
2026-08-27,BANCO PYME ECOFUTURO,11.31
2026-08-27,BANCO SOLIDARIO,11.94
2026-08-27,BANCO UNION,10.5
2026-08-28,BANCO BISA,11.95
2026-08-28,BANCO DE CREDITO,12.08
2026-08-28,BANCO DE LA NACIÓN ARGENTINA,11.77
2026-08-28,BANCO ECONOMICO,11.98
2026-08-28,BANCO FIE,11.63
2026-08-28,BANCO FORTALEZA,11.89
2026-08-28,BANCO GANADERO,12.01
2026-08-28,BANCO MERCANTIL SANTA CRUZ,11.77
2026-08-28,BANCO NACIONAL DE BOLIVIA,11.85
2026-08-28,BANCO PRODEM,11.53
2026-08-28,BANCO PYME DE LA COMUNIDAD,11.43
2026-08-28,BANCO PYME ECOFUTURO,11.43
2026-08-28,BANCO SOLIDARIO,12.05
2026-08-28,BANCO UNION,10.5
2026-08-31,BANCO BISA,12.14
2026-08-31,BANCO DE CREDITO,12.07
2026-08-31,BANCO DE LA NACIÓN ARGENTINA,11.73
2026-08-31,BANCO ECONOMICO,12.11
2026-08-31,BANCO FIE,11.96
2026-08-31,BANCO FORTALEZA,11.9
2026-08-31,BANCO GANADERO,12.15
2026-08-31,BANCO MERCANTIL SANTA CRUZ,11.96
2026-08-31,BANCO NACIONAL DE BOLIVIA,12.04
2026-08-31,BANCO PRODEM,11.62
2026-08-31,BANCO PYME DE LA COMUNIDAD,11.52
2026-08-31,BANCO PYME ECOFUTURO,11.52
2026-08-31,BANCO SOLIDARIO,12.13
2026-08-31,BANCO UNION,10.5
2026-09-01,BANCO BISA,12.29
2026-09-01,BANCO DE CREDITO,12.35
2026-09-01,BANCO DE LA NACIÓN ARGENTINA,11.93
2026-09-01,BANCO ECONOMICO,12.24
2026-09-01,BANCO FIE,12.39
2026-09-01,BANCO FORTALEZA,12.09
2026-09-01,BANCO GANADERO,12.17
2026-09-01,BANCO MERCANTIL SANTA CRUZ,12.25
2026-09-01,BANCO NACIONAL DE BOLIVIA,12.21
2026-09-01,BANCO PRODEM,11.82
2026-09-01,BANCO PYME DE LA COMUNIDAD,11.72
2026-09-01,BANCO PYME ECOFUTURO,11.72
2026-09-01,BANCO SOLIDARIO,12.35
2026-09-01,BANCO UNION,10.5
2026-09-02,BANCO BISA,12.26
2026-09-02,BANCO DE CREDITO,12.32
2026-09-02,BANCO DE LA NACIÓN ARGENTINA,11.96
2026-09-02,BANCO ECONOMICO,12.41
2026-09-02,BANCO FIE,12.45
2026-09-02,BANCO FORTALEZA,12.54
2026-09-02,BANCO GANADERO,12.29
2026-09-02,BANCO MERCANTIL SANTA CRUZ,12.37
2026-09-02,BANCO NACIONAL DE BOLIVIA,12.25
2026-09-02,BANCO PRODEM,11.96
2026-09-02,BANCO PYME DE LA COMUNIDAD,11.86
2026-09-02,BANCO PYME ECOFUTURO,12.55
2026-09-02,BANCO SOLIDARIO,12.42
2026-09-02,BANCO UNION,12.26
2026-09-03,BANCO BISA,12.43
2026-09-03,BANCO DE CREDITO,12.4
2026-09-03,BANCO DE LA NACIÓN ARGENTINA,12.18
2026-09-03,BANCO ECONOMICO,12.5
2026-09-03,BANCO FIE,12.56
2026-09-03,BANCO FORTALEZA,12.19
2026-09-03,BANCO GANADERO,12.47
2026-09-03,BANCO MERCANTIL SANTA CRUZ,12.5
2026-09-03,BANCO NACIONAL DE BOLIVIA,12.37
2026-09-03,BANCO PRODEM,12.02
2026-09-03,BANCO PYME DE LA COMUNIDAD,11.92
2026-09-03,BANCO PYME ECOFUTURO,11.92
2026-09-03,BANCO SOLIDARIO,12.57
2026-09-03,BANCO UNION,10.5
2026-09-04,BANCO BISA,12.53
2026-09-04,BANCO DE CREDITO,12.56
2026-09-04,BANCO DE LA NACIÓN ARGENTINA,12.38
2026-09-04,BANCO ECONOMICO,12.59
2026-09-04,BANCO FIE,12.62
2026-09-04,BANCO FORTALEZA,12.65
2026-09-04,BANCO GANADERO,12.62
2026-09-04,BANCO MERCANTIL SANTA CRUZ,12.59
2026-09-04,BANCO NACIONAL DE BOLIVIA,12.45
2026-09-04,BANCO PRODEM,12.15
2026-09-04,BANCO PYME DE LA COMUNIDAD,12.05
2026-09-04,BANCO SOLIDARIO,12.6
2026-09-04,BANCO UNION,11.56
2026-09-07,BANCO BISA,12.59
2026-09-07,BANCO DE CREDITO,12.67
2026-09-07,BANCO DE LA NACIÓN ARGENTINA,12.28
2026-09-07,BANCO ECONOMICO,12.56
2026-09-07,BANCO FIE,12.58
2026-09-07,BANCO FORTALEZA,12.61
2026-09-07,BANCO GANADERO,12.52
2026-09-07,BANCO MERCANTIL SANTA CRUZ,12.68
2026-09-07,BANCO NACIONAL DE BOLIVIA,12.55
2026-09-07,BANCO PRODEM,12.28
2026-09-07,BANCO PYME DE LA COMUNIDAD,12.18
2026-09-07,BANCO PYME ECOFUTURO,12.18
2026-09-07,BANCO SOLIDARIO,12.51
2026-09-07,BANCO UNION,11.3
2026-09-08,BANCO BISA,12.63
2026-09-08,BANCO DE CREDITO,12.63
2026-09-08,BANCO DE LA NACIÓN ARGENTINA,12.44
2026-09-08,BANCO ECONOMICO,12.55
2026-09-08,BANCO FIE,12.61
2026-09-08,BANCO FORTALEZA,12.5
2026-09-08,BANCO GANADERO,12.7
2026-09-08,BANCO MERCANTIL SANTA CRUZ,12.44
2026-09-08,BANCO NACIONAL DE BOLIVIA,12.5
2026-09-08,BANCO PRODEM,12.3
2026-09-08,BANCO PYME DE LA COMUNIDAD,12.2
2026-09-08,BANCO SOLIDARIO,12.69
2026-09-08,BANCO UNION,12.74
2026-09-09,BANCO BISA,12.39
2026-09-09,BANCO DE CREDITO,12.28
2026-09-09,BANCO DE LA NACIÓN ARGENTINA,12.12
2026-09-09,BANCO ECONOMICO,12.22
2026-09-09,BANCO FIE,12.48
2026-09-09,BANCO FORTALEZA,12.57
2026-09-09,BANCO GANADERO,12.44
2026-09-09,BANCO MERCANTIL SANTA CRUZ,12.32
2026-09-09,BANCO NACIONAL DE BOLIVIA,12.47
2026-09-09,BANCO PRODEM,12.34
2026-09-09,BANCO PYME DE LA COMUNIDAD,12.24
2026-09-09,BANCO PYME ECOFUTURO,12.61
2026-09-09,BANCO SOLIDARIO,12.24
2026-09-09,BANCO UNION,12.74
2026-09-10,BANCO BISA,11.88
2026-09-10,BANCO DE CREDITO,12.02
2026-09-10,BANCO DE LA NACIÓN ARGENTINA,12.12
2026-09-10,BANCO ECONOMICO,11.78
2026-09-10,BANCO FIE,11.99
2026-09-10,BANCO FORTALEZA,12.2
2026-09-10,BANCO GANADERO,12.28
2026-09-10,BANCO MERCANTIL SANTA CRUZ,12.16
2026-09-10,BANCO NACIONAL DE BOLIVIA,11.38
2026-09-10,BANCO PRODEM,12.12
2026-09-10,BANCO PYME DE LA COMUNIDAD,12.02
2026-09-10,BANCO PYME ECOFUTURO,12.02
2026-09-10,BANCO SOLIDARIO,11.93
2026-09-10,BANCO UNION,11.49
2026-09-11,BANCO BISA,11.57
2026-09-11,BANCO DE CREDITO,11.58
2026-09-11,BANCO DE LA NACIÓN ARGENTINA,11.67
2026-09-11,BANCO ECONOMICO,11.14
2026-09-11,BANCO FIE,11.54
2026-09-11,BANCO FORTALEZA,11.94
2026-09-11,BANCO GANADERO,11.71
2026-09-11,BANCO MERCANTIL SANTA CRUZ,11.68
2026-09-11,BANCO NACIONAL DE BOLIVIA,11.4
2026-09-11,BANCO PRODEM,11.74
2026-09-11,BANCO PYME DE LA COMUNIDAD,11.64
2026-09-11,BANCO SOLIDARIO,11.64
2026-09-11,BANCO UNION,11.3
2026-09-14,BANCO BISA,10.91
2026-09-14,BANCO DE CREDITO,11.0
2026-09-14,BANCO DE LA NACIÓN ARGENTINA,10.93
2026-09-14,BANCO ECONOMICO,10.8
2026-09-14,BANCO FIE,11.03
2026-09-14,BANCO FORTALEZA,11.43
2026-09-14,BANCO GANADERO,11.42
2026-09-14,BANCO MERCANTIL SANTA CRUZ,10.86
2026-09-14,BANCO NACIONAL DE BOLIVIA,11.1
2026-09-14,BANCO PRODEM,11.23
2026-09-14,BANCO SOLIDARIO,10.84
2026-09-14,BANCO UNION,11.3
2026-09-15,BANCO BISA,9.84
2026-09-15,BANCO DE CREDITO,10.47
2026-09-15,BANCO DE LA NACIÓN ARGENTINA,10.4
2026-09-15,BANCO ECONOMICO,10.62
2026-09-15,BANCO FIE,10.39
2026-09-15,BANCO FORTALEZA,10.53
2026-09-15,BANCO GANADERO,10.47
2026-09-15,BANCO MERCANTIL SANTA CRUZ,9.86
2026-09-15,BANCO NACIONAL DE BOLIVIA,9.72
2026-09-15,BANCO PRODEM,10.69
2026-09-15,BANCO PYME DE LA COMUNIDAD,10.59
2026-09-15,BANCO PYME ECOFUTURO,10.59
2026-09-15,BANCO SOLIDARIO,10.59
2026-09-15,BANCO UNION,10.64
2026-09-16,BANCO BISA,9.76
2026-09-16,BANCO DE CREDITO,9.96
2026-09-16,BANCO DE LA NACIÓN ARGENTINA,9.95
2026-09-16,BANCO ECONOMICO,9.98
2026-09-16,BANCO FIE,9.35
2026-09-16,BANCO FORTALEZA,10.01
2026-09-16,BANCO GANADERO,10.13
2026-09-16,BANCO MERCANTIL SANTA CRUZ,9.91
2026-09-16,BANCO NACIONAL DE BOLIVIA,9.96
2026-09-16,BANCO PRODEM,9.85
2026-09-16,BANCO PYME DE LA COMUNIDAD,9.96
2026-09-16,BANCO PYME ECOFUTURO,9.75
2026-09-16,BANCO SOLIDARIO,10.0
2026-09-16,BANCO UNION,9.15
2026-09-17,BANCO BISA,9.94
2026-09-17,BANCO DE CREDITO,10.41
2026-09-17,BANCO DE LA NACIÓN ARGENTINA,9.79
2026-09-17,BANCO ECONOMICO,10.27
2026-09-17,BANCO FIE,9.72
2026-09-17,BANCO FORTALEZA,9.83
2026-09-17,BANCO GANADERO,9.96
2026-09-17,BANCO MERCANTIL SANTA CRUZ,9.9
2026-09-17,BANCO NACIONAL DE BOLIVIA,10.0
2026-09-17,BANCO PRODEM,9.53
2026-09-17,BANCO PYME DE LA COMUNIDAD,9.43
2026-09-17,BANCO PYME ECOFUTURO,9.43
2026-09-17,BANCO SOLIDARIO,9.92
2026-09-17,BANCO UNION,9.0
2026-09-18,BANCO BISA,10.41
2026-09-18,BANCO DE CREDITO,11.07
2026-09-18,BANCO DE LA NACIÓN ARGENTINA,9.48
2026-09-18,BANCO ECONOMICO,11.63
2026-09-18,BANCO FIE,10.04
2026-09-18,BANCO FORTALEZA,9.91
2026-09-18,BANCO GANADERO,10.7
2026-09-18,BANCO MERCANTIL SANTA CRUZ,11.84
2026-09-18,BANCO NACIONAL DE BOLIVIA,11.12
2026-09-18,BANCO PRODEM,9.71
2026-09-18,BANCO PYME DE LA COMUNIDAD,9.61
2026-09-18,BANCO PYME ECOFUTURO,9.61
2026-09-18,BANCO SOLIDARIO,10.07
2026-09-18,BANCO UNION,9.01
2026-09-21,BANCO BISA,11.78
2026-09-21,BANCO DE CREDITO,12.09
2026-09-21,BANCO DE LA NACIÓN ARGENTINA,11.42
2026-09-21,BANCO ECONOMICO,12.31
2026-09-21,BANCO FIE,10.5
2026-09-21,BANCO FORTALEZA,11.8
2026-09-21,BANCO GANADERO,11.96
2026-09-21,BANCO MERCANTIL SANTA CRUZ,11.57
2026-09-21,BANCO NACIONAL DE BOLIVIA,11.61
2026-09-21,BANCO PRODEM,10.7
2026-09-21,BANCO PYME DE LA COMUNIDAD,10.6
2026-09-21,BANCO SOLIDARIO,9.91
2026-09-21,BANCO UNION,10.0
2026-09-22,BANCO BISA,11.95
2026-09-22,BANCO DE CREDITO,12.34
2026-09-22,BANCO DE LA NACIÓN ARGENTINA,12.08
2026-09-22,BANCO ECONOMICO,12.35
2026-09-22,BANCO FIE,11.0
2026-09-22,BANCO FORTALEZA,12.39
2026-09-22,BANCO GANADERO,12.08
2026-09-22,BANCO MERCANTIL SANTA CRUZ,12.09
2026-09-22,BANCO NACIONAL DE BOLIVIA,12.12
2026-09-22,BANCO PRODEM,11.6
2026-09-22,BANCO PYME DE LA COMUNIDAD,11.5
2026-09-22,BANCO PYME ECOFUTURO,12.0
2026-09-22,BANCO SOLIDARIO,11.98
2026-09-22,BANCO UNION,10.9
2026-09-23,BANCO BISA,12.18
2026-09-23,BANCO DE CREDITO,12.06
2026-09-23,BANCO DE LA NACIÓN ARGENTINA,12.03
2026-09-23,BANCO ECONOMICO,12.32
2026-09-23,BANCO FIE,12.28
2026-09-23,BANCO FORTALEZA,12.4
2026-09-23,BANCO GANADERO,12.32
2026-09-23,BANCO MERCANTIL SANTA CRUZ,12.14
2026-09-23,BANCO NACIONAL DE BOLIVIA,12.03
2026-09-23,BANCO PRODEM,11.76
2026-09-23,BANCO PYME DE LA COMUNIDAD,11.66
2026-09-23,BANCO PYME ECOFUTURO,12.56
2026-09-23,BANCO SOLIDARIO,12.29
2026-09-23,BANCO UNION,11.06
2026-09-24,BANCO BISA,12.21
2026-09-24,BANCO DE CREDITO,12.17
2026-09-24,BANCO ECONOMICO,11.6
2026-09-24,BANCO FIE,12.2
2026-09-24,BANCO FORTALEZA,12.4
2026-09-24,BANCO GANADERO,12.13
2026-09-24,BANCO MERCANTIL SANTA CRUZ,12.3
2026-09-24,BANCO NACIONAL DE BOLIVIA,12.11
2026-09-24,BANCO PRODEM,11.96
2026-09-24,BANCO PYME DE LA COMUNIDAD,11.88
2026-09-24,BANCO SOLIDARIO,12.09
2026-09-24,BANCO UNION,12.33
2026-09-25,BANCO BISA,12.0
2026-09-25,BANCO DE CREDITO,12.0
2026-09-25,BANCO ECONOMICO,11.6
2026-09-25,BANCO FIE,11.76
2026-09-25,BANCO FORTALEZA,12.5
2026-09-25,BANCO GANADERO,12.22
2026-09-25,BANCO MERCANTIL SANTA CRUZ,12.0
2026-09-25,BANCO NACIONAL DE BOLIVIA,12.05
2026-09-25,BANCO PRODEM,11.92
2026-09-25,BANCO PYME DE LA COMUNIDAD,11.82
2026-09-25,BANCO PYME ECOFUTURO,12.28
2026-09-25,BANCO SOLIDARIO,12.22
2026-09-25,BANCO UNION,11.22
2026-09-28,BANCO BISA,12.0
2026-09-28,BANCO DE CREDITO,12.0
2026-09-28,BANCO DE LA NACIÓN ARGENTINA,12.0
2026-09-28,BANCO ECONOMICO,12.0
2026-09-28,BANCO FIE,11.45
2026-09-28,BANCO FORTALEZA,12.15
2026-09-28,BANCO GANADERO,12.05
2026-09-28,BANCO MERCANTIL SANTA CRUZ,12.0
2026-09-28,BANCO NACIONAL DE BOLIVIA,12.07
2026-09-28,BANCO PRODEM,11.75
2026-09-28,BANCO PYME DE LA COMUNIDAD,12.05
2026-09-28,BANCO PYME ECOFUTURO,11.65
2026-09-28,BANCO SOLIDARIO,12.33
2026-09-28,BANCO UNION,11.05
2026-09-29,BANCO BISA,11.98
2026-09-29,BANCO DE CREDITO,12.02
2026-09-29,BANCO DE LA NACIÓN ARGENTINA,11.52
2026-09-29,BANCO ECONOMICO,12.0
2026-09-29,BANCO FIE,11.52
2026-09-29,BANCO FORTALEZA,11.95
2026-09-29,BANCO GANADERO,12.0
2026-09-29,BANCO MERCANTIL SANTA CRUZ,12.05
2026-09-29,BANCO NACIONAL DE BOLIVIA,12.05
2026-09-29,BANCO PRODEM,11.72
2026-09-29,BANCO PYME DE LA COMUNIDAD,11.62
2026-09-29,BANCO PYME ECOFUTURO,11.02
2026-09-29,BANCO SOLIDARIO,12.05
2026-09-29,BANCO UNION,12.05
2026-09-30,BANCO BISA,12.0
2026-09-30,BANCO DE CREDITO,12.02
2026-09-30,BANCO DE LA NACIÓN ARGENTINA,11.9
2026-09-30,BANCO ECONOMICO,12.02
2026-09-30,BANCO FIE,12.5
2026-09-30,BANCO FORTALEZA,11.72
2026-09-30,BANCO GANADERO,11.98
2026-09-30,BANCO MERCANTIL SANTA CRUZ,12.02
2026-09-30,BANCO NACIONAL DE BOLIVIA,11.97
2026-09-30,BANCO PRODEM,11.72
2026-09-30,BANCO PYME DE LA COMUNIDAD,11.62
2026-09-30,BANCO PYME ECOFUTURO,11.02
2026-09-30,BANCO SOLIDARIO,11.92
2026-09-30,BANCO UNION,12.25
2026-10-01,BANCO BISA,11.85
2026-10-01,BANCO DE CREDITO,11.98
2026-10-01,BANCO DE LA NACIÓN ARGENTINA,11.95
2026-10-01,BANCO ECONOMICO,12.02
2026-10-01,BANCO FIE,11.95
2026-10-01,BANCO FORTALEZA,11.8
2026-10-01,BANCO GANADERO,11.91
2026-10-01,BANCO MERCANTIL SANTA CRUZ,12.02
2026-10-01,BANCO NACIONAL DE BOLIVIA,11.92
2026-10-01,BANCO PRODEM,11.7
2026-10-01,BANCO PYME DE LA COMUNIDAD,11.6
2026-10-01,BANCO PYME ECOFUTURO,11.0
2026-10-01,BANCO SOLIDARIO,12.0
2026-10-01,BANCO UNION,11.5
2026-10-02,BANCO BISA,11.9
2026-10-02,BANCO DE CREDITO,11.98
2026-10-02,BANCO DE LA NACIÓN ARGENTINA,11.9
2026-10-02,BANCO ECONOMICO,12.0
2026-10-02,BANCO FIE,12.12
2026-10-02,BANCO FORTALEZA,12.04
2026-10-02,BANCO GANADERO,11.92
2026-10-02,BANCO MERCANTIL SANTA CRUZ,12.0
2026-10-02,BANCO NACIONAL DE BOLIVIA,11.8
2026-10-02,BANCO PRODEM,11.6
2026-10-02,BANCO PYME DE LA COMUNIDAD,11.5
2026-10-02,BANCO PYME ECOFUTURO,12.06
2026-10-02,BANCO SOLIDARIO,12.06
2026-10-02,BANCO UNION,12.0
2026-10-05,BANCO BISA,12.03
2026-10-05,BANCO DE CREDITO,11.95
2026-10-05,BANCO DE LA NACIÓN ARGENTINA,11.95
2026-10-05,BANCO ECONOMICO,11.9
2026-10-05,BANCO FIE,11.92
2026-10-05,BANCO FORTALEZA,12.05
2026-10-05,BANCO GANADERO,11.95
2026-10-05,BANCO MERCANTIL SANTA CRUZ,12.05
2026-10-05,BANCO NACIONAL DE BOLIVIA,11.96
2026-10-05,BANCO PRODEM,11.7
2026-10-05,BANCO PYME DE LA COMUNIDAD,11.6
2026-10-05,BANCO SOLIDARIO,11.95
2026-10-05,BANCO UNION,11.5
2026-10-06,BANCO BISA,11.97
2026-10-06,BANCO DE CREDITO,11.9
2026-10-06,BANCO DE LA NACIÓN ARGENTINA,11.95
2026-10-06,BANCO ECONOMICO,11.96
2026-10-06,BANCO FIE,12.06
2026-10-06,BANCO FORTALEZA,12.05
2026-10-06,BANCO GANADERO,12.05
2026-10-06,BANCO MERCANTIL SANTA CRUZ,11.97
2026-10-06,BANCO NACIONAL DE BOLIVIA,11.8
2026-10-06,BANCO PRODEM,11.67
2026-10-06,BANCO PYME DE LA COMUNIDAD,11.57
2026-10-06,BANCO PYME ECOFUTURO,10.97
2026-10-06,BANCO SOLIDARIO,11.82
2026-10-06,BANCO UNION,11.97
2026-10-07,BANCO BISA,11.8
2026-10-07,BANCO DE CREDITO,11.92
2026-10-07,BANCO DE LA NACIÓN ARGENTINA,11.27
2026-10-07,BANCO ECONOMICO,11.92
2026-10-07,BANCO FIE,12.01
2026-10-07,BANCO FORTALEZA,12.05
2026-10-07,BANCO GANADERO,11.9
2026-10-07,BANCO MERCANTIL SANTA CRUZ,10.87
2026-10-07,BANCO NACIONAL DE BOLIVIA,11.9
2026-10-07,BANCO PRODEM,11.67
2026-10-07,BANCO PYME ECOFUTURO,10.97
2026-10-07,BANCO SOLIDARIO,11.85
2026-10-07,BANCO UNION,12.03
2026-10-08,BANCO BISA,11.85
2026-10-08,BANCO DE CREDITO,11.85
2026-10-08,BANCO DE LA NACIÓN ARGENTINA,11.85
2026-10-08,BANCO ECONOMICO,11.9
2026-10-08,BANCO FIE,12.05
2026-10-08,BANCO FORTALEZA,11.9
2026-10-08,BANCO GANADERO,11.8
2026-10-08,BANCO MERCANTIL SANTA CRUZ,11.9
2026-10-08,BANCO NACIONAL DE BOLIVIA,11.8
2026-10-08,BANCO PRODEM,11.55
2026-10-08,BANCO PYME DE LA COMUNIDAD,11.45
2026-10-08,BANCO PYME ECOFUTURO,11.96
2026-10-08,BANCO SOLIDARIO,11.7
2026-10-08,BANCO UNION,12.03
