fecha_corte,vigencia,vigencia_hasta,metodo,tco,n_ops,monto_usd
2026-06-26,2026-06-27,2026-06-29,promedio,9.73,290,17323468.0
2026-06-29,2026-06-30,2026-06-30,promedio,9.76,1659,17379767.0
2026-06-30,2026-07-01,2026-07-01,promedio,9.76,1306,10395157.0
2026-07-01,2026-07-02,2026-07-02,promedio,9.78,3257,29872825.0
2026-07-02,2026-07-03,2026-07-03,promedio,9.8,2134,21101076.0
2026-07-03,2026-07-04,2026-07-06,promedio,9.83,2048,22090693.0
2026-07-06,2026-07-07,2026-07-07,promedio,9.89,1211,11876844.0
2026-07-07,2026-07-08,2026-07-08,promedio,9.96,1109,23859096.0
2026-07-08,2026-07-09,2026-07-09,promedio,10.1,938,28455257.0
2026-07-09,2026-07-10,2026-07-10,promedio,10.24,930,29768606.0
2026-07-10,2026-07-11,2026-07-13,promedio,10.4,994,36883973.0
2026-07-13,2026-07-14,2026-07-14,promedio,10.5,1031,11528045.0
2026-07-14,2026-07-15,2026-07-15,promedio,10.7,1007,42988673.0
2026-07-15,2026-07-16,2026-07-17,promedio,10.75,1452,18128517.0
2026-07-17,2026-07-18,2026-07-20,promedio,10.85,1259,37816606.0
2026-07-20,2026-07-21,2026-07-21,promedio,10.9,1188,15257217.0
2026-07-21,2026-07-22,2026-07-22,promedio,11.0,1138,24822845.0
2026-07-22,2026-07-23,2026-07-23,promedio,11.13,1216,39038276.0
2026-07-23,2026-07-24,2026-07-24,promedio,11.21,1148,28564660.0
2026-07-24,2026-07-25,2026-07-27,promedio,11.37,1147,38397534.0
2026-07-27,2026-07-28,2026-07-28,promedio,11.54,1069,21140379.0
2026-07-28,2026-07-29,2026-07-29,promedio,11.8,1112,38853476.0
2026-07-29,2026-07-30,2026-07-30,promedio,11.89,1309,41659337.0
2026-07-30,2026-07-31,2026-07-31,promedio,12.15,1438,38725847.0
2026-07-31,2026-08-01,2026-08-03,promedio,12.13,1820,41162394.0
2026-08-03,2026-08-04,2026-08-04,promedio,12.08,1708,26814902.0
2026-08-04,2026-08-05,2026-08-05,promedio,12.02,3008,159940755.0
2026-08-05,2026-08-06,2026-08-10,promedio,11.86,2044,60483040.0
2026-08-10,2026-08-11,2026-08-11,promedio,11.77,2036,62709169.0
2026-08-11,2026-08-12,2026-08-12,promedio,11.71,1553,96255618.0
2026-08-12,2026-08-13,2026-08-13,promedio,11.66,1443,38911851.0
2026-08-13,2026-08-14,2026-08-14,promedio,11.62,1225,42098061.0
2026-08-14,2026-08-15,2026-08-17,promedio,11.58,1223,36316075.0
2026-08-17,2026-08-18,2026-08-18,promedio,11.55,1242,29279047.0
2026-08-18,2026-08-19,2026-08-19,promedio,11.52,1103,69459180.0
2026-08-19,2026-08-20,2026-08-20,promedio,11.52,1161,34297489.0
2026-08-20,2026-08-21,2026-08-21,promedio,11.52,1175,32711090.0
2026-08-21,2026-08-22,2026-08-24,promedio,11.5,1249,17678278.0
2026-08-24,2026-08-25,2026-08-25,promedio,11.54,1271,20497727.0
2026-08-25,2026-08-26,2026-08-26,promedio,11.57,1422,45370766.0
2026-08-26,2026-08-27,2026-08-27,promedio,11.71,1360,49511626.0
2026-08-27,2026-08-28,2026-08-28,promedio,11.83,1452,28362869.0
2026-08-28,2026-08-29,2026-08-31,promedio,11.92,1389,21903543.0
2026-08-31,2026-09-01,2026-09-01,promedio,12.12,1593,19570020.0
2026-09-01,2026-09-02,2026-09-02,promedio,12.26,1376,35415989.0
2026-09-02,2026-09-03,2026-09-03,promedio,12.32,1489,52636568.0
2026-09-03,2026-09-04,2026-09-04,promedio,12.45,1556,32254330.0
2026-09-04,2026-09-05,2026-09-07,promedio,12.58,1969,56770445.0
2026-09-07,2026-09-08,2026-09-08,promedio,12.6,1683,18138141.0
2026-09-08,2026-09-09,2026-09-09,promedio,12.64,1765,40288093.0
2026-09-09,2026-09-10,2026-09-10,promedio,12.42,1704,93748487.0
2026-09-10,2026-09-11,2026-09-11,promedio,12.04,2085,30730449.0
2026-09-11,2026-09-12,2026-09-14,promedio,11.53,5488,20723470.0
2026-09-14,2026-09-15,2026-09-15,promedio,10.99,835,14344975.0
2026-09-15,2026-09-16,2026-09-16,promedio,10.15,1575,36737044.0
2026-09-16,2026-09-17,2026-09-17,promedio,9.83,1603,30214426.0
2026-09-17,2026-09-18,2026-09-18,promedio,10.01,1435,21029306.0
2026-09-18,2026-09-19,2026-09-21,promedio,11.0,6379,29807425.0
2026-09-21,2026-09-22,2026-09-22,promedio,11.9,1635,23474870.0
2026-09-22,2026-09-23,2026-09-23,promedio,12.06,1864,80360311.0
2026-09-23,2026-09-24,2026-09-24,promedio,12.26,1569,33039004.0
2026-09-24,2026-09-25,2026-09-25,promedio,12.22,1172,41789188.0
2026-09-25,2026-09-26,2026-09-28,mediana,12.05,2050,22135660.0
2026-09-28,2026-09-29,2026-09-29,mediana,12.02,2181,30439067.0
2026-09-29,2026-09-30,2026-09-30,mediana,12.02,2407,37821639.0
2026-09-30,2026-10-01,2026-10-01,mediana,12.0,2628,34720754.0
2026-10-01,2026-10-02,2026-10-02,mediana,11.9,2544,47110451.0
2026-10-02,2026-10-03,2026-10-05,mediana,12.0,2657,30208775.0
2026-10-05,2026-10-06,2026-10-06,mediana,11.97,2597,31527269.0
2026-10-06,2026-10-07,2026-10-07,mediana,11.97,2914,40202205.0
2026-10-07,2026-10-08,2026-10-08,mediana,11.85,2336,42681792.0
2026-10-08,2026-10-09,2026-10-09,mediana,11.85,2311,31409723.0
